N;educ;south;nonwhite;female;married;exper;union;lwage;age;year;y85
1;12;0;0;0;0;8;0;1.215;25;78;0
2;12;0;0;1;1;30;1;1.6094;47;78;0
3;6;0;0;0;1;38;1;2.1401;49;78;0
4;12;0;0;0;1;19;1;2.0732;36;78;0
5;12;0;0;0;1;11;0;1.649;28;78;0
6;8;0;0;0;1;43;0;1.7148;56;78;0
7;11;0;0;0;0;2;0;1.0986;18;78;0
8;15;0;0;1;0;9;0;1.8326;29;78;0
9;16;0;0;1;0;17;0;0.3567;38;78;0
10;15;0;0;0;1;23;1;2.1547;43;78;0
11;15;0;0;0;1;39;1;1.9867;59;78;0
12;12;0;0;1;1;5;1;1.7047;22;78;0
13;11;0;0;0;1;27;1;2.1102;43;78;0
14;12;0;0;0;1;29;0;1.8326;46;78;0
15;12;0;0;0;0;7;0;1.3083;24;78;0
16;12;0;0;1;0;42;1;2.23;59;78;0
17;18;0;0;0;1;35;1;2.5257;58;78;0
18;18;0;0;1;1;31;1;2.3979;54;78;0
19;6;0;0;0;1;24;0;1.2528;35;78;0
20;14;0;1;0;1;14;1;2.0794;33;78;0
21;12;0;0;1;0;40;1;2.0149;57;78;0
22;12;0;0;1;0;10;0;1.204;27;78;0
23;13;0;0;1;0;3;0;1.3863;21;78;0
24;13;0;0;0;0;2;0;1.2311;20;78;0
25;15;0;0;0;0;7;0;1.5041;27;78;0
26;16;0;0;0;0;29;0;2.5997;50;78;0
27;13;0;0;0;1;27;1;2.238;45;78;0
28;18;0;0;0;0;8;0;2.3539;31;78;0
29;10;0;0;0;1;6;1;2.5257;21;78;0
30;14;0;0;1;0;2;0;0.9361;21;78;0
31;8;0;0;0;0;36;1;2.0149;49;78;0
32;15;0;0;1;1;23;1;1.1314;43;78;0
33;8;0;0;1;1;48;1;1.6582;61;78;0
34;12;0;0;0;0;21;1;2.0677;38;78;0
35;8;0;0;0;1;11;1;2.082;24;78;0
36;12;0;0;1;1;26;1;2.1547;43;78;0
37;16;0;0;1;1;10;0;1.9671;31;78;0
38;14;0;0;0;1;37;0;2.7593;56;78;0
39;13;0;0;0;1;21;0;1.2972;39;78;0
40;16;0;0;1;1;21;0;1.2528;42;78;0
41;13;0;0;0;0;6;1;2.3749;24;78;0
42;12;0;0;0;1;25;1;1.6368;42;78;0
43;13;0;0;0;0;5;0;1.2321;23;78;0
44;11;0;0;0;0;13;1;1.7492;29;78;0
45;16;0;0;0;0;15;0;2.3026;36;78;0
46;12;0;0;1;1;8;0;1.5581;25;78;0
47;10;0;0;0;1;8;1;1.6094;23;78;0
48;14;0;0;0;1;11;0;1.5581;30;78;0
49;12;0;1;0;1;34;1;2.0541;51;78;0
50;13;0;0;0;0;8;0;1.8326;26;78;0
51;12;0;0;0;1;36;0;1.9459;53;78;0
52;12;0;0;1;1;30;0;1.8326;47;78;0
53;16;0;0;1;1;5;1;1.1856;26;78;0
54;11;0;0;1;1;13;0;0.9118;29;78;0
55;11;0;0;0;0;2;1;1.8718;18;78;0
56;9;0;0;0;1;12;1;1.9459;26;78;0
57;18;0;0;0;1;24;0;2.1691;47;78;0
58;12;0;1;0;1;17;1;2.0149;34;78;0
59;8;0;0;0;1;50;0;1.6448;63;78;0
60;18;0;0;0;1;8;0;2.1072;31;78;0
61;12;0;0;1;0;11;1;1.6292;28;78;0
62;12;0;0;0;1;7;0;1.0594;24;78;0
63;17;0;0;1;1;26;1;2.1691;48;78;0
64;8;0;0;0;1;19;0;1.3218;32;78;0
65;12;0;1;1;0;13;1;1.8555;30;78;0
66;12;0;0;0;1;9;1;1.7492;26;78;0
67;14;0;0;0;1;38;0;1.9661;57;78;0
68;12;0;0;0;0;4;0;1.1982;21;78;0
69;14;0;0;1;0;11;0;1.9279;30;78;0
70;10;0;0;0;1;43;0;2.3026;58;78;0
71;11;0;1;0;1;15;0;1.3863;31;78;0
72;12;0;1;0;1;31;1;-0.47;48;78;0
73;6;0;1;0;1;44;1;1.3151;55;78;0
74;16;0;0;0;1;16;0;2.8994;37;78;0
75;12;0;0;0;1;25;1;1.9981;42;78;0
76;14;0;0;0;1;19;1;1.7047;38;78;0
77;12;0;0;1;0;3;0;1.1787;20;78;0
78;13;0;0;1;0;14;0;1.6094;32;78;0
79;12;0;0;0;1;30;0;2.0149;47;78;0
80;12;0;0;0;1;32;1;2.4849;49;78;0
81;10;0;0;0;1;48;1;2.0794;63;78;0
82;12;0;0;0;0;36;1;2.1401;53;78;0
83;12;0;0;1;1;7;1;1.5828;24;78;0
84;12;0;0;0;1;19;1;2.3346;36;78;0
85;18;0;0;0;0;11;0;1.6503;34;78;0
86;13;0;0;0;1;32;1;1.5476;50;78;0
87;12;0;0;1;1;10;0;1.7707;27;78;0
88;14;0;0;1;0;3;0;1.6094;22;78;0
89;16;0;0;1;1;10;0;1.2947;31;78;0
90;16;0;0;1;1;9;0;2.0402;30;78;0
91;12;0;0;1;1;13;1;1.3218;30;78;0
92;12;0;0;0;1;20;0;1.8563;37;78;0
93;12;0;0;0;1;30;1;2.1102;47;78;0
94;12;0;0;0;1;10;1;2.3632;27;78;0
95;18;0;0;1;0;17;0;0.6707;40;78;0
96;10;0;0;0;1;7;1;1.579;22;78;0
97;8;0;0;0;1;32;0;2.1401;45;78;0
98;9;0;0;0;1;36;1;1.663;50;78;0
99;14;0;0;0;1;43;0;2.6127;62;78;0
100;16;0;0;0;1;9;0;2.1691;30;78;0
101;8;0;0;0;1;41;1;1.6094;54;78;0
102;12;0;0;0;1;21;1;2.0794;38;78;0
103;14;0;0;0;1;26;0;1.5141;45;78;0
104;12;0;0;1;1;21;0;1.1907;38;78;0
105;12;0;0;1;1;42;0;1.7918;59;78;0
106;12;0;0;0;1;41;0;2.23;58;78;0
107;13;0;0;1;1;22;0;0.9746;40;78;0
108;18;0;0;0;1;10;0;2.0412;33;78;0
109;12;0;0;0;0;3;1;1.7918;20;78;0
110;14;0;0;0;0;14;0;2.1628;33;78;0
111;12;0;0;0;1;24;1;2.4849;41;78;0
112;12;0;0;0;1;13;1;1.7918;30;78;0
113;12;0;0;1;0;41;1;1.6956;58;78;0
114;14;0;0;0;1;16;0;2.5257;35;78;0
115;12;1;0;0;0;3;0;0.9746;20;78;0
116;16;1;0;0;1;27;0;2.109;48;78;0
117;7;1;0;1;0;31;0;1.2947;43;78;0
118;11;1;0;1;0;2;0;0.9746;18;78;0
119;12;1;0;0;1;19;0;1.2238;36;78;0
120;1;1;0;0;1;47;0;1.204;53;78;0
121;12;1;0;0;0;1;0;1.0473;18;78;0
122;9;1;0;0;1;5;0;1.8216;19;78;0
123;12;1;1;1;0;38;1;1.1394;55;78;0
124;12;1;0;1;0;2;0;0.9163;19;78;0
125;12;1;0;0;1;19;0;2.2083;36;78;0
126;12;1;0;0;1;38;1;2.1691;55;78;0
127;12;1;0;0;1;22;0;1.7918;39;78;0
128;12;1;0;0;1;6;0;1.3863;23;78;0
129;13;1;0;1;1;15;0;1.8718;33;78;0
130;12;1;0;0;1;27;0;1.204;44;78;0
131;12;1;0;1;0;1;0;1.2164;18;78;0
132;17;1;0;1;1;12;0;1.9095;34;78;0
133;16;1;0;0;1;31;0;1.7636;52;78;0
134;10;1;0;0;1;18;0;1.2958;33;78;0
135;7;1;1;1;0;33;0;1.3218;45;78;0
136;6;1;0;0;0;39;0;1.5669;50;78;0
137;16;1;0;0;0;4;0;1.6094;25;78;0
138;14;1;0;1;0;4;0;1.4291;23;78;0
139;14;1;0;1;0;2;0;1.6582;21;78;0
140;17;1;0;0;0;4;0;1.9058;26;78;0
141;13;1;0;1;0;21;1;2.0149;39;78;0
142;4;1;0;0;0;13;0;0.9555;22;78;0
143;17;1;0;0;1;18;0;2.6455;40;78;0
144;14;1;0;1;0;9;0;2.5269;28;78;0
145;16;1;0;0;0;8;0;1.6094;29;78;0
146;10;1;1;0;1;35;0;1.3863;50;78;0
147;6;1;0;1;1;17;0;1.0647;28;78;0
148;13;0;0;0;0;1;0;1.5261;19;78;0
149;16;0;0;0;1;3;1;1.4469;24;78;0
150;10;0;0;0;1;41;1;1.8718;56;78;0
151;12;0;0;1;1;41;1;3.0564;58;78;0
152;18;0;0;0;1;36;0;1.8839;59;78;0
153;10;0;1;1;1;16;1;1.2528;31;78;0
154;12;0;1;1;0;36;1;1.5892;53;78;0
155;12;0;1;0;1;39;0;1.8205;56;78;0
156;13;0;0;0;1;2;0;1.7918;20;78;0
157;15;0;0;0;1;8;0;1.8137;28;78;0
158;12;0;0;0;1;35;0;2.1972;52;78;0
159;12;0;0;1;0;12;0;1.6607;29;78;0
160;12;0;0;1;0;11;0;1.6094;28;78;0
161;18;0;1;1;0;10;0;1.8839;33;78;0
162;16;0;1;1;0;3;0;1.3218;24;78;0
163;10;0;0;0;1;48;1;1.2528;63;78;0
164;15;0;0;0;0;20;1;2.495;40;78;0
165;6;0;0;0;1;51;1;1.8718;62;78;0
166;12;0;0;1;1;12;0;1.2238;29;78;0
167;10;0;0;0;1;26;0;1.7385;41;78;0
168;9;0;0;1;1;34;1;2.0794;48;78;0
169;13;0;0;1;1;35;0;1.4453;53;78;0
170;12;0;0;1;0;12;0;1.4469;29;78;0
171;11;0;0;0;0;5;0;1.2879;21;78;0
172;14;0;0;0;0;8;0;1.7492;27;78;0
173;12;0;0;0;1;29;1;2.0477;46;78;0
174;7;0;0;0;1;38;1;1.8326;50;78;0
175;12;0;0;0;1;33;0;1.3987;50;78;0
176;8;0;0;0;1;42;0;1.8326;55;78;0
177;16;0;0;0;0;1;0;1.9315;22;78;0
178;13;0;1;0;0;17;1;1.9577;35;78;0
179;16;0;0;1;1;5;0;1.8326;26;78;0
180;12;0;0;1;0;13;0;1.2528;30;78;0
181;12;0;0;1;1;23;0;1.2384;40;78;0
182;16;0;0;1;1;12;1;0.6131;33;78;0
183;12;0;1;0;1;20;1;2.0149;37;78;0
184;13;0;0;0;1;33;0;2.1691;51;78;0
185;9;0;0;0;1;22;0;1.43;36;78;0
186;10;0;0;1;0;27;1;1.6405;42;78;0
187;14;0;0;0;1;9;1;1.9279;28;78;0
188;16;0;0;0;0;5;0;1.981;26;78;0
189;12;0;0;0;1;8;0;1.5581;25;78;0
190;12;0;0;0;1;32;1;2.1691;49;78;0
191;11;0;0;0;1;12;1;2.0149;28;78;0
192;16;0;0;0;0;2;0;1.9772;23;78;0
193;12;0;0;0;1;32;1;1.9033;49;78;0
194;12;0;0;0;1;32;0;1.8326;49;78;0
195;18;0;1;0;1;13;1;2.2571;36;78;0
196;8;0;0;0;1;34;1;1.8563;47;78;0
197;9;0;0;1;0;16;0;-0.078;30;78;0
198;16;0;0;0;1;8;0;1.674;29;78;0
199;10;0;1;0;0;33;0;1.6094;48;78;0
200;12;0;0;0;1;24;1;2.0794;41;78;0
201;9;0;1;0;1;34;1;1.8326;48;78;0
202;18;0;0;0;1;30;0;2.9208;53;78;0
203;12;0;0;0;0;4;1;1.1394;21;78;0
204;16;0;1;1;1;5;0;1.8326;26;78;0
205;12;0;0;1;1;5;0;1.5841;22;78;0
206;10;0;0;0;1;44;1;2.082;59;78;0
207;11;0;0;0;0;8;0;1.7047;24;78;0
208;12;0;0;1;1;26;0;1.8245;43;78;0
209;14;0;0;0;1;37;0;1.9924;56;78;0
210;12;0;1;1;0;20;0;1.0296;37;78;0
211;16;0;1;0;1;16;1;2.2558;37;78;0
212;12;0;0;0;1;14;0;2.3026;31;78;0
213;10;0;0;1;0;15;1;1.6376;30;78;0
214;12;0;0;0;0;3;1;1.5841;20;78;0
215;16;0;0;0;1;11;0;2.1768;32;78;0
216;8;0;0;0;1;40;1;1.8326;53;78;0
217;12;0;0;1;0;21;0;2.4079;38;78;0
218;13;0;0;0;1;3;0;1.9636;21;78;0
219;12;0;0;1;0;17;0;1.9741;34;78;0
220;12;0;0;0;0;6;0;1.4351;23;78;0
221;11;1;1;0;1;28;1;2.0794;44;78;0
222;12;1;0;1;1;6;0;1.204;23;78;0
223;14;1;0;1;0;4;0;1.2528;23;78;0
224;12;1;0;0;1;41;0;2.1691;58;78;0
225;12;1;0;0;0;16;1;2.0149;33;78;0
226;12;1;0;1;1;6;0;0.452;23;78;0
227;12;1;0;0;1;39;1;2.0794;56;78;0
228;10;1;0;0;1;15;0;1.6928;30;78;0
229;12;1;0;1;1;18;0;1.4325;35;78;0
230;15;1;0;0;1;7;0;1.4929;27;78;0
231;16;1;0;0;1;36;0;1.1394;57;78;0
232;14;1;0;1;1;6;0;1.7237;25;78;0
233;12;1;1;1;0;13;0;1.5261;30;78;0
234;13;1;0;0;0;2;0;1.0986;20;78;0
235;5;1;0;0;1;50;0;1.1575;60;78;0
236;12;1;0;1;1;21;0;1.5581;38;78;0
237;12;1;0;0;1;28;0;1.2936;45;78;0
238;12;1;0;0;1;12;1;1.4759;29;78;0
239;15;1;1;1;1;29;0;1.2809;49;78;0
240;12;1;0;0;1;7;0;1.3863;24;78;0
241;12;1;0;0;1;22;0;2.1203;39;78;0
242;12;1;1;1;0;11;0;1.3481;28;78;0
243;12;0;0;1;0;40;0;1.5217;57;78;0
244;12;0;0;0;1;31;0;1.5315;48;78;0
245;12;0;0;1;1;10;0;1.4214;27;78;0
246;16;0;0;0;1;9;0;1.981;30;78;0
247;12;0;1;1;1;10;1;1.4469;27;78;0
248;15;0;0;0;1;42;0;3.1322;62;78;0
249;12;0;0;1;1;45;0;0.8873;62;78;0
250;17;0;0;0;1;8;1;2.3514;30;78;0
251;15;0;0;0;1;32;0;2.1691;52;78;0
252;14;0;0;0;0;1;0;1.2528;20;78;0
253;12;0;0;1;1;17;0;1.4271;34;78;0
254;14;0;0;0;1;10;0;1.7405;29;78;0
255;12;0;0;0;1;18;1;2.2266;35;78;0
256;12;0;0;1;0;10;1;0.9676;27;78;0
257;12;0;0;0;1;29;1;1.8326;46;78;0
258;12;0;0;1;0;39;0;1.6094;56;78;0
259;12;0;0;1;1;31;0;1.1787;48;78;0
260;10;0;0;0;1;18;1;2.2513;33;78;0
261;12;0;1;1;1;14;1;2.0149;31;78;0
262;12;0;0;1;1;8;0;1.0116;25;78;0
263;12;1;0;0;0;9;0;1.6094;26;78;0
264;16;1;0;1;0;3;0;1.0296;24;78;0
265;9;1;1;1;1;24;0;0.9746;38;78;0
266;7;1;0;1;1;21;0;0.8109;33;78;0
267;12;1;0;0;1;15;0;1.2879;32;78;0
268;18;1;0;0;0;2;0;1.8005;25;78;0
269;16;1;1;1;0;12;0;1.0986;33;78;0
270;12;1;1;1;1;7;0;1.1939;24;78;0
271;9;1;1;1;0;33;0;1.3218;47;78;0
272;15;1;0;0;0;5;0;1.6487;25;78;0
273;18;1;0;1;0;3;0;1.3218;26;78;0
274;11;1;0;1;1;8;0;0.899;24;78;0
275;13;1;0;1;1;5;0;1.3797;23;78;0
276;12;1;0;1;1;1;0;1.2264;18;78;0
277;12;0;0;1;1;21;0;0.922;38;78;0
278;12;0;0;0;0;1;0;0.9773;18;78;0
279;11;0;0;1;1;37;0;1.0159;53;78;0
280;12;0;0;0;1;17;1;1.6094;34;78;0
281;12;0;0;1;0;43;0;1.6582;60;78;0
282;12;0;0;0;0;4;0;1.7272;21;78;0
283;12;0;0;0;0;6;0;1.0986;23;78;0
284;8;0;0;0;1;49;1;1.9459;62;78;0
285;16;0;0;0;1;13;0;2.2783;34;78;0
286;18;0;0;0;1;11;1;1.5333;34;78;0
287;8;0;0;1;1;18;0;1.0473;31;78;0
288;7;1;1;0;1;14;0;1.5179;26;78;0
289;15;1;0;1;1;20;0;1.6297;40;78;0
290;14;1;0;1;0;38;0;1.8718;57;78;0
291;10;1;0;0;1;46;1;1.6094;61;78;0
292;18;1;0;0;1;20;0;2.6872;43;78;0
293;16;1;0;1;0;7;0;1.8908;28;78;0
294;12;1;0;1;1;10;0;1.1787;27;78;0
295;18;1;0;0;1;12;0;2.708;35;78;0
296;12;1;0;1;0;13;0;2.1914;30;78;0
297;16;1;0;0;1;20;0;2.1203;41;78;0
298;12;1;0;0;0;6;0;1.5041;23;78;0
299;9;1;0;1;0;6;0;1.1787;20;78;0
300;8;1;0;0;1;40;0;1.1632;53;78;0
301;12;1;0;1;0;1;0;0.9445;18;78;0
302;10;1;1;0;0;14;1;1.6094;29;78;0
303;12;1;0;0;0;5;0;1.0647;22;78;0
304;8;1;0;0;1;17;0;1.0647;30;78;0
305;12;1;0;0;1;14;0;2.0015;31;78;0
306;12;1;0;1;1;12;0;1.1394;29;78;0
307;13;1;0;0;1;30;1;1.9913;48;78;0
308;14;1;0;0;1;38;1;2.0149;57;78;0
309;12;1;1;0;1;23;0;1.0647;40;78;0
310;9;1;0;0;0;5;0;0.9746;19;78;0
311;12;1;0;0;1;36;1;2.1576;53;78;0
312;11;1;1;1;0;34;0;1.1787;50;78;0
313;13;1;0;0;1;5;1;1.9936;23;78;0
314;6;0;1;0;1;48;0;1.5738;59;78;0
315;6;0;0;0;1;38;0;2.2225;49;78;0
316;15;0;1;1;0;8;0;1.6549;28;78;0
317;12;0;0;1;0;39;1;1.7272;56;78;0
318;16;0;0;1;0;16;1;2.0314;37;78;0
319;14;0;0;1;1;25;0;0.452;44;78;0
320;13;1;0;0;1;4;0;1.3218;22;78;0
321;12;1;0;0;0;6;0;1.6094;23;78;0
322;12;1;0;1;0;46;0;2.0215;63;78;0
323;18;1;1;1;0;22;0;1.6818;45;78;0
324;11;1;0;0;1;27;0;1.8326;43;78;0
325;12;1;0;0;1;4;1;1.2528;21;78;0
326;11;1;0;0;1;41;1;1.6341;57;78;0
327;16;1;1;1;0;30;1;2.3026;51;78;0
328;14;1;0;1;1;3;0;1.743;22;78;0
329;7;1;1;0;1;21;1;1.8326;33;78;0
330;12;1;1;1;1;22;0;1.0498;39;78;0
331;18;1;0;0;0;9;0;2.1576;32;78;0
332;16;1;0;0;1;27;0;2.3826;48;78;0
333;16;1;0;1;0;2;0;1.5581;23;78;0
334;12;0;0;1;1;8;1;1.4231;25;78;0
335;10;0;0;1;1;27;0;1.1632;42;78;0
336;12;0;0;0;1;13;0;1.6243;30;78;0
337;10;0;0;0;1;43;1;2.0149;58;78;0
338;14;0;0;0;1;16;0;1.9867;35;78;0
339;12;0;0;0;1;12;0;1.0498;29;78;0
340;15;0;0;1;0;4;0;1.3863;24;78;0
341;12;0;0;1;1;4;0;1.3218;21;78;0
342;12;0;0;1;0;12;1;1.5261;29;78;0
343;16;0;0;0;1;5;0;2.1972;26;78;0
344;18;1;0;0;1;36;0;1.8971;59;78;0
345;2;1;1;0;1;55;0;1.1394;62;78;0
346;12;1;0;0;0;17;0;1.3545;34;78;0
347;12;1;0;0;1;14;0;2.1203;31;78;0
348;18;1;0;0;0;31;0;2.492;54;78;0
349;12;1;0;1;0;21;0;1.0986;38;78;0
350;12;1;0;0;0;5;0;1.5993;22;78;0
351;14;1;0;1;1;22;0;2.0949;41;78;0
352;7;1;0;0;1;19;1;1.6094;31;78;0
353;11;1;0;0;1;30;0;2.5257;46;78;0
354;14;1;0;0;1;9;0;1.8326;28;78;0
355;12;1;0;1;1;30;0;1.5686;47;78;0
356;12;1;0;0;0;9;1;1.7143;26;78;0
357;12;1;0;1;0;7;0;1.1787;24;78;0
358;13;1;0;1;0;1;0;0.6931;19;78;0
359;12;1;0;0;1;14;1;1.5581;31;78;0
360;8;0;0;0;1;37;1;2.3979;50;78;0
361;12;0;0;1;1;28;0;1.6094;45;78;0
362;13;0;0;1;1;8;1;1.7492;26;78;0
363;12;0;0;0;1;36;1;1.6292;53;78;0
364;12;0;0;1;0;1;0;1.2528;18;78;0
365;12;0;0;1;0;17;0;1.6094;34;78;0
366;15;0;0;0;0;5;0;1.3218;25;78;0
367;12;0;0;1;1;4;0;1.2528;21;78;0
368;12;0;0;0;1;15;1;1.9021;32;78;0
369;8;1;0;0;1;18;0;0.9925;31;78;0
370;16;1;0;0;1;2;0;1.3863;23;78;0
371;16;1;0;0;1;6;0;1.8971;27;78;0
372;12;1;0;1;1;23;0;1.7272;40;78;0
373;12;1;0;1;0;12;0;0.9746;29;78;0
374;12;1;0;0;1;20;1;2.3026;37;78;0
375;16;1;0;0;1;17;0;2.3026;38;78;0
376;16;0;0;1;1;8;0;2.0412;29;78;0
377;12;0;0;1;0;4;0;1.5315;21;78;0
378;12;0;1;0;0;13;0;1.3863;30;78;0
379;16;0;0;0;0;12;0;2.0468;33;78;0
380;15;0;0;0;0;17;0;2.29;37;78;0
381;17;0;0;1;1;8;0;1.8718;30;78;0
382;10;0;0;0;1;42;0;1.8654;57;78;0
383;10;0;0;0;0;5;1;1.7309;20;78;0
384;16;0;0;0;0;18;1;1.9741;39;78;0
385;12;0;0;1;0;3;0;1.4469;20;78;0
386;8;0;0;0;0;22;0;1.4271;35;78;0
387;12;0;0;1;1;18;0;1.2649;35;78;0
388;12;0;0;0;1;8;0;1.9636;25;78;0
389;15;0;0;0;1;1;0;1.7272;21;78;0
390;15;0;0;1;0;4;0;1.4858;24;78;0
391;12;0;0;0;1;11;0;1.3863;28;78;0
392;12;0;0;0;1;45;1;2.1518;62;78;0
393;12;0;0;0;1;35;0;2.1019;52;78;0
394;11;1;1;0;0;22;0;1.0116;38;78;0
395;12;1;0;1;1;13;0;1.7272;30;78;0
396;14;1;0;0;1;34;0;3.3514;53;78;0
397;10;1;0;0;1;9;1;1.3218;24;78;0
398;10;1;0;0;1;36;0;1.7918;51;78;0
399;10;1;0;0;1;14;0;1.6094;29;78;0
400;12;0;0;1;1;2;0;1.1291;19;78;0
401;8;0;0;0;1;32;1;1.6487;45;78;0
402;14;0;0;1;0;39;0;1.9459;58;78;0
403;12;0;0;1;1;9;0;0.865;26;78;0
404;18;0;0;0;1;3;0;1.9373;26;78;0
405;10;0;0;0;1;8;0;0.865;23;78;0
406;16;0;0;0;1;7;0;1.3806;28;78;0
407;14;0;0;0;1;7;0;1.6094;26;78;0
408;13;0;0;0;1;4;0;1.8326;22;78;0
409;16;0;0;0;0;5;0;1.6677;26;78;0
410;14;1;1;0;0;6;0;1.0986;25;78;0
411;12;1;0;0;1;37;0;1.8795;54;78;0
412;6;1;1;0;0;11;0;1.0986;22;78;0
413;8;1;0;1;0;41;1;1.6094;54;78;0
414;12;1;1;1;0;30;0;2.7444;47;78;0
415;16;1;0;0;1;13;0;2.1638;34;78;0
416;18;0;0;1;0;4;0;1.6094;27;78;0
417;12;0;0;1;1;16;0;1.7272;33;78;0
418;13;0;0;0;1;8;1;1.3083;26;78;0
419;16;0;0;0;1;32;0;2.0149;53;78;0
420;12;0;0;1;0;6;0;0.9704;23;78;0
421;14;0;0;1;1;30;0;1.361;49;78;0
422;12;0;0;1;0;1;0;1.0986;18;78;0
423;12;0;0;0;0;4;1;1.6487;21;78;0
424;13;0;0;0;1;41;1;2.6912;59;78;0
425;12;0;0;0;1;22;1;2.0412;39;78;0
426;12;0;0;0;1;22;0;1.7619;39;78;0
427;15;0;0;0;1;31;1;2.5257;51;78;0
428;16;0;0;1;0;2;1;1.8524;23;78;0
429;15;0;0;0;1;19;1;2.0794;39;78;0
430;12;0;0;1;1;14;0;1.8101;31;78;0
431;11;0;0;1;0;16;0;1.204;32;78;0
432;12;1;0;0;0;3;0;1.3466;20;78;0
433;12;1;0;0;1;3;1;1.5146;20;78;0
434;8;1;0;0;1;30;1;2.1102;43;78;0
435;12;1;0;1;0;3;0;0.9163;20;78;0
436;4;1;1;0;1;55;0;1.1474;64;78;0
437;12;1;0;0;0;3;0;1.1394;20;78;0
438;11;1;0;0;1;19;1;2.5257;35;78;0
439;9;1;0;1;0;27;1;1.4553;41;78;0
440;12;1;0;0;1;9;1;1.7918;26;78;0
441;12;0;1;0;0;13;0;1.4351;30;78;0
442;16;0;0;0;1;31;0;2.5494;52;78;0
443;12;0;0;1;0;16;0;1.5422;33;78;0
444;11;0;0;0;0;4;0;0.9746;20;78;0
445;16;0;0;0;1;3;0;2.0015;24;78;0
446;16;0;0;1;0;4;0;1.4469;25;78;0
447;12;0;0;1;1;36;1;1.3218;53;78;0
448;9;1;0;0;1;6;0;1.6094;20;78;0
449;12;1;0;0;1;19;0;1.9867;36;78;0
450;18;1;0;0;1;14;0;2.0669;37;78;0
451;12;0;0;0;1;38;0;1.461;55;78;0
452;13;0;0;0;1;8;1;1.8101;26;78;0
453;12;0;0;1;1;4;0;1.5581;21;78;0
454;15;0;0;0;0;12;0;1.8326;32;78;0
455;12;0;0;0;1;41;0;2.4445;58;78;0
456;12;0;0;1;1;24;0;1.743;41;78;0
457;11;0;0;0;1;17;0;1.7918;33;78;0
458;12;0;0;1;1;8;0;1.1787;25;78;0
459;12;0;0;0;0;2;0;1.3863;19;78;0
460;12;0;0;0;1;2;0;1.2448;19;78;0
461;12;0;0;1;1;39;0;1.4469;56;78;0
462;12;0;0;0;1;6;0;2.5257;23;78;0
463;9;0;0;1;1;34;0;1.0296;48;78;0
464;17;0;0;0;1;14;0;2.0149;36;78;0
465;17;0;0;0;1;7;0;2.0949;29;78;0
466;10;0;0;1;0;46;0;0.9943;61;78;0
467;18;0;0;0;1;4;0;1.9279;27;78;0
468;12;0;0;1;1;12;0;0.5596;29;78;0
469;12;0;0;1;1;6;0;1.2164;23;78;0
470;6;0;0;0;1;15;0;1.4469;26;78;0
471;13;0;0;0;1;12;1;1.5041;30;78;0
472;17;0;0;0;1;15;0;2.1691;37;78;0
473;12;0;0;0;1;15;0;2.0794;32;78;0
474;12;0;1;1;1;12;1;1.1151;29;78;0
475;12;0;0;0;1;23;0;1.679;40;78;0
476;14;0;0;0;0;41;0;2.1848;60;78;0
477;12;0;0;1;0;42;0;1.5041;59;78;0
478;12;0;0;0;1;10;0;1.7047;27;78;0
479;10;0;0;0;1;20;0;1.4586;35;78;0
480;13;0;0;0;1;4;1;1.7297;22;78;0
481;16;0;0;1;1;11;1;1.8326;32;78;0
482;12;0;0;1;0;6;0;1.1394;23;78;0
483;14;0;0;0;1;19;0;1.2496;38;78;0
484;12;0;0;0;1;32;0;2.2401;49;78;0
485;12;0;0;0;1;21;0;1.3863;38;78;0
486;11;0;0;0;1;39;0;1.2164;55;78;0
487;18;0;0;0;1;15;0;2.0815;38;78;0
488;12;0;0;1;1;25;1;1.5943;42;78;0
489;12;0;0;1;0;18;0;1.0733;35;78;0
490;12;0;0;1;1;21;0;1.7047;38;78;0
491;17;0;0;1;1;11;1;2.2437;33;78;0
492;14;0;0;0;0;6;0;1.1394;25;78;0
493;12;0;1;0;0;5;1;0.8755;22;78;0
494;15;1;1;1;1;12;0;2.1041;32;78;0
495;8;1;1;0;1;44;0;1.0986;57;78;0
496;16;1;1;1;0;7;0;2.1691;28;78;0
497;16;1;1;1;0;25;0;1.3481;46;78;0
498;12;0;0;1;0;5;1;1.0986;22;78;0
499;12;0;0;0;1;27;0;2.0794;44;78;0
500;10;0;0;1;0;36;1;1.2936;51;78;0
501;12;0;0;0;0;31;0;2.1401;48;78;0
502;14;0;0;0;0;27;0;2.4049;46;78;0
503;13;0;0;1;1;44;0;1.3987;62;78;0
504;16;0;0;1;0;7;0;1.4291;28;78;0
505;12;0;0;0;0;13;1;1.9913;30;78;0
506;14;0;0;1;1;36;0;1.3545;55;78;0
507;12;0;0;1;0;4;0;1.2669;21;78;0
508;12;0;0;0;1;30;1;2.0477;47;78;0
509;10;0;0;0;1;16;0;1.6094;31;78;0
510;17;0;0;0;1;15;1;2.0149;37;78;0
511;13;0;0;1;0;2;0;0.9725;20;78;0
512;12;0;0;0;1;32;1;1.8326;49;78;0
513;12;0;0;0;1;9;0;1.204;26;78;0
514;18;0;0;0;1;21;0;2.3026;44;78;0
515;12;0;0;1;1;4;0;1.2528;21;78;0
516;13;0;0;1;1;35;0;1.5041;53;78;0
517;14;0;0;1;1;5;0;1.3863;24;78;0
518;12;0;0;1;0;1;0;1.0116;18;78;0
519;10;0;0;0;0;3;0;1.3657;18;78;0
520;12;0;0;1;0;3;0;1.3218;20;78;0
521;12;0;0;0;1;21;0;2.3026;38;78;0
522;12;0;0;0;1;6;0;2.0149;23;78;0
523;18;1;0;0;0;34;0;3.2179;57;78;0
524;12;1;0;1;0;22;0;1.6094;39;78;0
525;17;1;0;0;1;16;0;2.584;38;78;0
526;13;0;0;1;0;4;0;1.3218;22;78;0
527;18;0;0;0;1;15;0;2.1019;38;78;0
528;13;0;0;0;1;26;0;1.6784;44;78;0
529;17;0;0;1;1;19;1;1.7492;41;78;0
530;7;0;0;0;1;43;0;0.9746;55;78;0
531;8;0;0;0;1;18;0;1.8718;31;78;0
532;17;0;0;0;1;10;1;1.6094;32;78;0
533;10;0;0;0;0;3;0;0.7985;18;78;0
534;9;0;0;0;1;46;0;1.204;60;78;0
535;12;0;0;1;1;10;1;1.4171;27;78;0
536;17;0;0;0;1;5;1;1.8871;27;78;0
537;14;0;0;0;0;5;0;1.6503;24;78;0
538;12;0;0;1;0;7;0;1.1925;24;78;0
539;12;0;0;0;1;15;1;2.3933;32;78;0
540;12;0;0;0;1;31;1;2.1889;48;78;0
541;12;0;0;0;1;39;0;2.5257;56;78;0
542;14;0;0;0;1;8;0;1.6094;27;78;0
543;13;0;0;1;1;28;0;0.9163;46;78;0
544;16;0;0;1;0;10;1;2.4145;31;78;0
545;12;0;0;0;1;36;1;2.5257;53;78;0
546;15;0;0;1;1;3;1;2.0794;23;78;0
547;12;0;0;0;1;27;1;2.6583;44;78;0
548;8;0;0;0;1;47;1;2.4744;60;78;0
549;12;0;0;1;0;39;1;2.6391;56;78;0
550;15;0;0;0;0;12;0;2.5257;32;78;0
551;10;0;0;0;1;27;0;2.1972;43;85;1
552;12;0;0;0;1;20;0;1.7047;38;85;1
553;12;0;0;1;0;4;0;1.335;22;85;1
554;12;0;0;1;1;29;0;2.3514;47;85;1
555;12;0;0;0;1;40;1;2.708;58;85;1
556;16;0;0;1;1;27;0;2.1972;49;85;1
557;12;0;0;1;1;5;1;2.2586;23;85;1
558;14;0;0;0;0;22;0;2.708;42;85;1
559;8;0;0;0;1;42;0;2.3979;56;85;1
560;12;0;0;1;1;14;0;1.6094;32;85;1
561;17;0;0;0;1;18;0;3.2179;41;85;1
562;17;0;0;0;0;3;0;3.0155;26;85;1
563;14;0;0;0;0;4;1;3.2189;24;85;1
564;14;0;0;0;0;14;0;2.6376;34;85;1
565;12;0;0;0;1;35;0;1.2528;53;85;1
566;14;0;0;0;0;0;0;1.6094;20;85;1
567;16;0;0;0;1;7;1;2.3026;29;85;1
568;16;0;1;0;1;26;1;2.708;48;85;1
569;13;0;1;0;0;3;0;1.763;22;85;1
570;13;0;0;0;0;16;0;2.2083;35;85;1
571;17;0;1;1;1;32;0;2.4204;55;85;1
572;12;0;1;0;1;25;1;2.5649;43;85;1
573;14;0;0;1;0;15;1;2.0794;35;85;1
574;12;0;0;1;1;38;0;1.454;56;85;1
575;16;0;1;0;1;17;0;2.0637;39;85;1
576;12;0;0;1;0;7;0;1.9379;25;85;1
577;17;0;0;1;0;5;0;3.2179;28;85;1
578;14;0;0;0;1;22;0;2.3026;42;85;1
579;14;0;0;0;1;21;0;2.621;41;85;1
580;13;0;0;1;1;2;0;1.7272;21;85;1
581;14;0;1;0;1;16;0;2.6858;36;85;1
582;16;0;0;0;1;18;0;3.2179;40;85;1
583;12;0;0;0;1;14;0;2.4849;32;85;1
584;18;0;0;0;1;12;0;2.708;36;85;1
585;16;0;0;0;0;3;0;1.7535;25;85;1
586;17;0;0;1;1;13;0;2.5377;36;85;1
587;16;0;0;1;0;42;0;2.4605;64;85;1
588;12;0;0;0;1;8;0;2.5649;26;85;1
589;15;0;0;1;1;6;0;2.5257;27;85;1
590;16;0;0;0;1;22;0;3.1135;44;85;1
591;16;0;1;1;0;3;0;2.4204;25;85;1
592;16;0;0;0;1;33;0;2.7331;55;85;1
593;13;0;0;1;0;8;1;2.0412;27;85;1
594;12;0;0;0;1;26;0;2.4715;44;85;1
595;14;0;0;0;1;0;0;1.6094;20;85;1
596;12;0;0;0;1;28;0;1.8718;46;85;1
597;8;0;0;0;1;33;1;2.1972;47;85;1
598;12;0;0;0;0;0;0;1.209;18;85;1
599;12;0;0;1;1;7;0;1.5041;25;85;1
600;14;0;0;1;1;12;0;2.3539;32;85;1
601;9;0;0;0;1;47;1;1.2528;62;85;1
602;16;0;0;0;1;12;0;2.708;34;85;1
603;12;0;0;1;0;25;0;2.1401;43;85;1
604;12;0;0;1;1;44;0;2.2159;62;85;1
605;9;0;0;0;0;33;1;2.2618;48;85;1
606;8;0;0;1;1;22;0;1.9279;36;85;1
607;18;0;0;1;1;14;0;2.6355;38;85;1
608;14;0;1;0;0;22;0;2.3026;42;85;1
609;12;0;0;1;0;41;0;1.3218;59;85;1
610;12;0;0;1;0;8;0;2.0794;26;85;1
611;12;0;0;1;1;43;0;2.4567;61;85;1
612;8;0;1;1;0;29;0;2.1844;43;85;1
613;12;0;1;0;0;6;1;1.3863;24;85;1
614;12;0;1;1;0;21;0;1.7047;39;85;1
615;16;0;1;0;0;3;0;1.209;25;85;1
616;12;0;0;1;1;40;0;2.3805;58;85;1
617;12;0;0;0;1;5;0;1.9459;23;85;1
618;13;0;0;0;1;34;1;2.3026;53;85;1
619;16;0;0;1;1;10;0;1.6864;32;85;1
620;12;0;0;1;0;10;0;2.0149;28;85;1
621;12;0;0;0;1;41;1;2.4204;59;85;1
622;10;0;0;1;1;25;1;2.3026;41;85;1
623;13;0;0;0;0;0;0;1.3863;19;85;1
624;18;0;0;0;1;14;1;2.6037;38;85;1
625;12;0;0;0;0;22;0;1.9095;40;85;1
626;14;0;0;1;1;32;0;2.6593;52;85;1
627;15;0;0;1;1;9;0;2.2773;30;85;1
628;12;0;0;1;0;0;0;1.209;18;85;1
629;8;0;0;1;0;49;0;1.2238;63;85;1
630;14;0;0;1;1;32;0;1.7272;52;85;1
631;12;0;0;0;1;7;1;1.9459;25;85;1
632;16;0;0;1;1;10;0;2.3026;32;85;1
633;10;0;0;1;0;44;1;1.8083;60;85;1
634;12;0;0;1;1;27;0;1.4279;45;85;1
635;12;0;0;1;1;16;0;1.5686;34;85;1
636;12;0;0;0;1;3;0;1.7492;21;85;1
637;12;0;0;0;1;8;0;1.5581;26;85;1
638;17;0;0;0;1;7;1;2.238;30;85;1
639;12;0;0;1;0;8;0;1.6582;26;85;1
640;9;0;0;1;1;42;0;1.5994;57;85;1
641;16;0;0;1;1;11;0;2.964;33;85;1
642;12;0;0;0;1;23;0;2.9947;41;85;1
643;12;0;0;0;0;4;0;1.3863;22;85;1
644;12;0;0;1;0;0;0;1.6094;18;85;1
645;14;0;0;0;1;25;0;2.359;45;85;1
646;12;0;1;0;0;22;1;2.3026;40;85;1
647;14;0;0;1;0;15;0;1.9981;35;85;1
648;15;0;0;0;0;10;0;2.5257;31;85;1
649;16;0;0;1;0;20;0;1.3863;42;85;1
650;12;0;0;1;1;24;0;2.7101;42;85;1
651;12;1;0;0;1;12;0;2.7726;30;85;1
652;12;1;0;1;0;12;0;1.2698;30;85;1
653;12;1;0;0;0;16;0;1.5041;34;85;1
654;12;1;0;1;0;4;0;1.5151;22;85;1
655;12;1;0;1;1;43;0;1.2809;61;85;1
656;12;1;0;1;1;14;0;2.0794;32;85;1
657;12;1;0;1;0;10;0;1.5581;28;85;1
658;12;1;0;0;1;2;0;1.9066;20;85;1
659;12;1;0;0;1;28;0;2.4079;46;85;1
660;7;1;0;1;1;15;0;1.7918;28;85;1
661;12;1;0;0;1;20;0;2.3026;38;85;1
662;12;1;0;1;1;30;0;2.4204;48;85;1
663;12;1;0;1;1;9;0;1.3737;27;85;1
664;16;1;1;0;1;13;0;2.8622;35;85;1
665;13;1;0;1;0;1;0;1.2669;20;85;1
666;16;1;0;0;0;8;0;1.7918;30;85;1
667;14;1;0;0;1;15;0;3.091;35;85;1
668;12;1;0;1;0;6;0;1.8326;24;85;1
669;7;1;0;0;1;14;0;1.5041;27;85;1
670;13;1;0;1;0;28;0;2.3341;47;85;1
671;14;1;0;0;1;10;0;2.5014;30;85;1
672;17;1;0;0;0;14;0;2.8994;37;85;1
673;16;1;0;0;1;10;0;2.708;32;85;1
674;13;1;0;1;1;10;0;2.1691;29;85;1
675;14;1;0;0;1;44;0;2.9947;64;85;1
676;16;0;0;1;0;10;1;1.8971;32;85;1
677;14;0;0;0;1;22;1;2.2644;42;85;1
678;11;0;0;0;1;18;1;1.7047;35;85;1
679;12;0;0;1;0;9;0;2.0794;27;85;1
680;18;0;0;1;1;19;0;2.9957;43;85;1
681;17;0;0;1;1;14;0;2.2513;37;85;1
682;16;0;0;1;0;6;1;2.4672;28;85;1
683;16;0;0;1;0;17;0;2.6311;39;85;1
684;11;0;0;1;1;24;0;1.7047;41;85;1
685;11;0;0;1;0;12;0;1.9459;29;85;1
686;12;0;0;1;1;38;0;2.267;56;85;1
687;15;0;0;1;0;33;0;2.3618;54;85;1
688;2;0;0;0;0;16;0;1.3218;24;85;1
689;14;0;0;1;1;10;0;2.4849;30;85;1
690;14;0;0;1;1;14;0;2.1471;34;85;1
691;14;0;0;0;0;16;0;2.7813;36;85;1
692;11;0;0;0;0;11;0;1.3218;28;85;1
693;16;0;1;1;1;6;0;2.1972;28;85;1
694;12;0;1;1;1;33;0;2.5745;51;85;1
695;16;0;0;0;0;10;0;2.5802;32;85;1
696;12;0;0;0;0;19;0;2.2246;37;85;1
697;12;0;0;0;0;4;0;1.6094;22;85;1
698;17;0;0;1;0;3;1;1.7918;26;85;1
699;12;0;0;1;1;32;0;1.9459;50;85;1
700;8;0;0;0;1;19;0;1.5476;33;85;1
701;16;0;0;1;1;22;0;2.0149;44;85;1
702;18;0;0;0;1;33;0;1.9459;57;85;1
703;18;0;0;0;1;19;0;2.4174;43;85;1
704;18;0;0;0;1;3;0;1.743;27;85;1
705;12;0;0;0;1;12;0;1.7047;30;85;1
706;12;0;0;0;1;16;0;2.1972;34;85;1
707;12;0;0;1;1;4;0;1.4171;22;85;1
708;12;0;0;0;1;11;1;2.3026;29;85;1
709;12;0;0;0;1;17;0;2.0149;35;85;1
710;11;0;0;0;0;16;0;1.2947;33;85;1
711;12;0;0;0;1;18;0;2.1848;36;85;1
712;18;0;0;0;1;15;0;2.8904;39;85;1
713;14;0;1;0;0;0;0;1.209;20;85;1
714;16;0;1;0;0;8;0;2.599;30;85;1
715;16;0;0;0;1;17;0;3.1135;39;85;1
716;18;0;0;0;0;13;0;2.9444;37;85;1
717;12;0;0;1;1;18;0;2.1894;36;85;1
718;11;0;1;1;1;16;0;1.9459;33;85;1
719;14;0;0;1;0;24;0;1.4271;44;85;1
720;12;0;0;0;1;23;0;2.2854;41;85;1
721;12;0;0;0;0;1;0;1.8971;19;85;1
722;12;0;0;1;1;10;1;1.9459;28;85;1
723;12;0;0;1;1;42;0;1.291;60;85;1
724;18;0;0;1;0;37;0;3.1279;61;85;1
725;12;0;0;1;1;14;0;1.6094;32;85;1
726;18;0;0;0;1;14;0;3.1135;38;85;1
727;12;0;0;1;1;11;0;2.4849;29;85;1
728;12;0;0;1;1;38;0;1.8374;56;85;1
729;12;0;0;1;0;3;0;1.5041;21;85;1
730;12;0;0;0;1;9;0;1.7918;27;85;1
731;10;0;0;0;1;13;0;1.9095;29;85;1
732;12;0;0;0;0;9;0;2.1691;27;85;1
733;16;0;0;0;1;11;0;2.5859;33;85;1
734;13;0;0;1;1;30;0;1.8326;49;85;1
735;12;0;0;1;0;15;1;2.1961;33;85;1
736;14;0;0;0;0;2;0;2.0149;22;85;1
737;17;0;0;1;1;24;0;2.4849;47;85;1
738;18;0;0;1;0;31;1;2.6391;55;85;1
739;14;0;0;0;0;19;0;2.7988;39;85;1
740;14;0;0;0;0;2;0;1.8326;22;85;1
741;12;0;0;0;1;4;1;2.3514;22;85;1
742;9;0;0;1;1;46;1;2.2513;61;85;1
743;6;0;0;1;1;43;1;1.0986;55;85;1
744;14;0;0;1;1;13;0;2.2214;33;85;1
745;12;0;0;1;0;15;0;1.3863;33;85;1
746;12;0;0;1;0;16;0;1.335;34;85;1
747;12;0;0;1;1;19;0;1.7918;37;85;1
748;12;0;0;1;1;28;0;1.6094;46;85;1
749;12;0;0;0;1;42;0;2.708;60;85;1
750;11;0;0;1;0;45;1;1.7138;62;85;1
751;16;0;1;0;1;7;0;2.1972;29;85;1
752;17;0;0;0;1;31;0;3.2179;54;85;1
753;12;0;0;1;1;24;0;2.1389;42;85;1
754;14;0;0;1;1;17;0;1.6094;37;85;1
755;12;0;0;0;1;26;1;3.1001;44;85;1
756;16;0;1;0;1;5;1;2.2235;27;85;1
757;16;0;0;1;1;17;0;2.0794;39;85;1
758;10;1;0;1;0;33;0;1.2528;49;85;1
759;13;1;0;1;1;2;0;1.209;21;85;1
760;16;1;1;1;1;14;0;1.209;36;85;1
761;16;1;0;1;1;28;1;2.9957;50;85;1
762;12;1;0;1;0;46;0;1.3863;64;85;1
763;16;1;0;0;1;38;0;2.8904;60;85;1
764;13;1;0;1;0;0;0;1.5041;19;85;1
765;12;1;0;1;0;1;0;2.0557;19;85;1
766;12;1;0;1;1;5;0;0.5596;23;85;1
767;18;1;0;1;1;13;0;1.6487;37;85;1
768;10;1;0;0;0;19;0;2.1691;35;85;1
769;12;1;0;0;1;5;0;1.6094;23;85;1
770;12;1;1;1;1;6;0;1.3218;24;85;1
771;13;1;0;0;1;9;0;1.7834;28;85;1
772;12;1;0;0;0;7;0;1.3863;25;85;1
773;3;1;0;0;1;55;0;1.9459;64;85;1
774;17;1;0;1;0;1;0;1.6094;24;85;1
775;6;1;1;1;0;33;0;1.5304;45;85;1
776;12;1;0;1;1;21;0;1.7492;39;85;1
777;18;0;0;0;1;29;0;3.2179;53;85;1
778;18;0;0;0;1;7;0;2.7593;31;85;1
779;16;0;0;0;0;10;0;2.7444;32;85;1
780;16;0;0;0;0;9;0;1.209;31;85;1
781;18;0;0;0;1;7;0;2.8994;31;85;1
782;18;0;0;0;0;33;1;2.0794;57;85;1
783;13;0;0;0;0;31;0;1.7918;50;85;1
784;18;0;0;0;1;5;0;2.8478;29;85;1
785;16;0;0;1;0;2;0;1.7047;24;85;1
786;12;0;0;0;0;20;0;2.0347;38;85;1
787;16;0;1;0;0;4;0;1.8326;26;85;1
788;12;0;0;1;1;45;0;1.8563;63;85;1
789;12;0;0;1;1;24;0;1.8839;42;85;1
790;12;0;0;0;1;43;0;2.5257;61;85;1
791;18;0;0;0;1;10;0;2.5903;34;85;1
792;12;0;0;0;0;3;0;1.7047;21;85;1
793;15;0;0;0;0;5;0;2.4204;26;85;1
794;12;0;0;1;0;45;0;2.3632;63;85;1
795;12;0;1;1;1;43;1;2.0794;61;85;1
796;17;0;0;1;1;26;1;2.3224;49;85;1
797;12;0;0;1;1;42;0;1.7561;60;85;1
798;12;0;0;0;1;37;0;1.9879;55;85;1
799;14;0;0;1;0;1;0;3.7955;21;85;1
800;13;0;0;1;1;14;0;2.3514;33;85;1
801;12;0;0;0;1;8;0;2.2364;26;85;1
802;12;0;0;1;1;24;0;1.6487;42;85;1
803;12;0;0;1;1;20;0;1.4469;38;85;1
804;17;0;0;1;0;13;1;2.7695;36;85;1
805;15;0;0;0;1;12;0;3.1135;33;85;1
806;16;1;0;1;1;4;0;1.6094;26;85;1
807;12;1;1;0;1;14;0;1.6677;32;85;1
808;18;1;0;0;1;14;0;1.8326;38;85;1
809;18;1;0;1;0;13;0;2.3026;37;85;1
810;12;1;0;0;1;20;0;1.7047;38;85;1
811;9;1;0;1;1;30;0;1.9169;45;85;1
812;12;1;0;1;1;28;0;1.0986;46;85;1
813;16;1;0;0;1;14;1;2.3026;36;85;1
814;10;1;0;0;0;13;0;1.579;29;85;1
815;12;1;0;0;1;32;0;2.2425;50;85;1
816;15;1;0;1;0;26;0;1.7918;47;85;1
817;13;1;0;1;0;0;0;1.4469;19;85;1
818;14;1;0;0;1;12;1;2.3997;32;85;1
819;12;1;1;1;1;32;0;2.4982;50;85;1
820;12;1;0;0;1;12;0;2.1318;30;85;1
821;12;1;0;0;0;3;0;2.4361;21;85;1
822;9;1;0;0;1;29;0;2.9947;44;85;1
823;14;1;0;1;0;10;0;1.9279;30;85;1
824;12;0;0;1;1;16;1;1.743;34;85;1
825;12;0;0;1;1;8;0;1.209;26;85;1
826;9;0;0;1;1;16;0;1.579;31;85;1
827;12;0;0;1;1;15;0;1.7492;33;85;1
828;12;0;0;1;1;18;0;1.6864;36;85;1
829;12;0;0;1;1;38;0;2.577;56;85;1
830;12;0;0;1;1;13;0;2.4262;31;85;1
831;13;0;0;0;1;18;0;2.1691;37;85;1
832;12;0;0;0;1;19;1;2.5031;37;85;1
833;10;0;0;0;1;15;0;1.6582;31;85;1
834;14;1;0;0;0;5;0;1.7148;25;85;1
835;12;1;0;1;1;36;0;1.5239;54;85;1
836;12;1;0;0;1;38;0;2.0149;56;85;1
837;12;1;0;0;0;5;0;2.4849;23;85;1
838;12;1;0;0;1;35;1;2.7726;53;85;1
839;11;1;1;0;0;3;0;1.209;20;85;1
840;10;1;0;0;0;27;0;1.4929;43;85;1
841;12;1;0;1;1;29;0;1.4469;47;85;1
842;10;1;1;1;1;38;0;2.5726;54;85;1
843;10;1;0;0;1;9;0;1.9459;25;85;1
844;6;1;0;0;1;45;0;1.7492;57;85;1
845;8;1;0;0;1;27;0;1.8718;41;85;1
846;12;1;1;0;1;20;0;2.0293;38;85;1
847;16;1;0;0;1;14;1;3.0204;36;85;1
848;12;1;0;0;0;1;0;1.8326;19;85;1
849;11;1;1;1;1;25;0;1.3455;42;85;1
850;14;1;0;0;1;21;0;2.8124;41;85;1
851;17;0;0;1;0;10;0;2.4204;33;85;1
852;14;0;0;0;0;2;0;1.7317;22;85;1
853;11;0;0;0;0;17;0;1.8718;34;85;1
854;12;0;0;1;1;24;0;2.0477;42;85;1
855;12;0;0;0;1;26;1;1.9359;44;85;1
856;12;0;0;0;1;39;1;2.708;57;85;1
857;7;0;1;0;1;42;1;1.9459;55;85;1
858;7;1;0;0;1;43;0;1.209;56;85;1
859;12;1;0;0;0;5;0;1.8718;23;85;1
860;16;1;0;1;1;7;0;1.8326;29;85;1
861;13;1;0;1;1;6;0;1.6094;25;85;1
862;13;1;1;1;0;1;0;1.2384;20;85;1
863;14;1;0;0;1;41;0;2.1748;61;85;1
864;16;1;0;1;1;4;0;2.3026;26;85;1
865;11;1;0;1;1;25;1;1.3863;42;85;1
866;12;1;0;1;1;39;0;2.2513;57;85;1
867;14;1;0;1;1;15;0;2.3447;35;85;1
868;18;1;0;0;1;10;0;1.6506;34;85;1
869;12;1;0;1;0;20;0;2.0149;38;85;1
870;17;1;0;0;1;2;0;1.9459;25;85;1
871;11;1;1;0;1;28;1;2.3777;45;85;1
872;10;1;0;0;1;27;1;2.1861;43;85;1
873;16;1;0;1;0;13;0;1.3218;35;85;1
874;15;1;0;0;0;4;0;1.3218;25;85;1
875;12;0;0;0;0;13;0;2.246;31;85;1
876;12;0;0;0;1;33;1;2.708;51;85;1
877;12;0;0;1;0;6;0;1.2809;24;85;1
878;18;0;0;0;1;23;1;2.4849;47;85;1
879;16;0;0;1;1;6;0;2.3632;28;85;1
880;16;0;0;1;1;16;0;2.6391;38;85;1
881;16;0;0;0;0;3;1;1.6094;25;85;1
882;12;0;0;0;0;19;1;2.4423;37;85;1
883;12;0;0;0;1;43;1;2.6181;61;85;1
884;12;1;0;0;1;34;0;2.3632;52;85;1
885;12;1;0;1;0;25;0;2.0082;43;85;1
886;10;1;1;0;1;41;1;1.9095;57;85;1
887;17;1;1;1;0;6;0;1.7707;29;85;1
888;12;1;1;0;0;2;0;1.2321;20;85;1
889;8;1;1;1;1;37;0;1.4702;51;85;1
890;12;1;1;0;1;19;1;2.5649;37;85;1
891;5;1;0;0;1;44;0;2.6391;55;85;1
892;10;1;1;1;1;37;0;1.2566;53;85;1
893;13;1;0;0;0;8;0;1.4586;27;85;1
894;18;1;0;0;1;12;0;1.767;36;85;1
895;12;0;0;0;0;8;0;1.7918;26;85;1
896;16;0;0;0;1;13;1;2.3979;35;85;1
897;13;0;0;0;0;32;0;3.0564;51;85;1
898;16;0;0;0;1;18;0;2.6759;40;85;1
899;12;0;1;0;0;8;0;1.9242;26;85;1
900;16;0;0;1;0;0;0;2.3026;18;85;1
901;16;0;0;1;1;7;0;2.3026;29;85;1
902;16;1;0;1;0;5;0;3.2179;27;85;1
903;12;1;0;1;1;17;0;1.3218;35;85;1
904;11;1;0;0;1;39;0;1.8718;56;85;1
905;12;1;0;0;0;4;0;1.6094;22;85;1
906;8;1;0;1;0;45;0;1.5151;59;85;1
907;12;0;0;0;0;8;0;1.8718;26;85;1
908;16;0;0;0;0;9;0;2.3585;31;85;1
909;12;0;0;0;1;23;0;2.2576;41;85;1
910;16;0;0;1;1;14;0;2.4849;36;85;1
911;12;0;0;1;0;16;0;2.1401;34;85;1
912;12;0;0;1;1;15;0;1.411;33;85;1
913;12;0;0;1;0;15;0;1.5041;33;85;1
914;16;0;0;0;1;16;0;2.4423;38;85;1
915;14;0;0;0;0;13;0;2.1861;33;85;1
916;11;0;0;0;0;15;1;2.6539;32;85;1
917;16;0;0;0;1;11;0;2.6137;33;85;1
918;18;0;0;1;0;40;0;3.1001;64;85;1
919;18;0;0;1;1;11;0;2.708;35;85;1
920;13;1;0;0;1;17;0;2.0869;36;85;1
921;12;1;0;0;1;12;0;1.9095;30;85;1
922;11;1;1;0;1;14;0;1.5041;31;85;1
923;12;1;0;1;1;26;0;1.9459;44;85;1
924;12;1;1;1;1;27;0;2.0149;45;85;1
925;12;1;0;1;1;16;0;2.0149;34;85;1
926;12;1;1;0;0;2;0;2.1401;20;85;1
927;7;1;0;0;1;44;0;2.0794;57;85;1
928;8;1;0;0;1;8;0;1.2528;22;85;1
929;12;1;0;0;1;9;0;2.5257;27;85;1
930;12;1;0;0;0;1;1;1.7918;19;85;1
931;16;1;0;1;0;2;0;1.6582;24;85;1
932;12;1;0;0;0;6;0;1.6094;24;85;1
933;11;1;0;1;1;17;0;1.2528;34;85;1
934;14;1;0;0;1;14;1;2.3979;34;85;1
935;12;0;0;0;0;3;0;2.0149;21;85;1
936;12;0;0;0;1;13;0;2.1401;31;85;1
937;12;0;0;0;0;11;0;2.5257;29;85;1
938;12;0;0;0;1;24;1;2.3749;42;85;1
939;12;0;0;1;1;14;1;2.5257;32;85;1
940;17;0;0;0;1;7;0;2.0541;30;85;1
941;17;0;0;0;1;13;0;2.4849;36;85;1
942;12;1;1;1;1;10;0;1.209;28;85;1
943;12;1;0;0;1;13;1;2.9895;31;85;1
944;13;1;0;0;1;7;0;1.7918;26;85;1
945;8;1;0;1;1;39;0;1.4398;53;85;1
946;14;1;0;1;1;6;0;1.2528;26;85;1
947;12;1;0;0;1;20;1;2.4849;38;85;1
948;12;0;0;1;1;7;0;1.209;25;85;1
949;12;0;0;0;1;20;1;2.1972;38;85;1
950;14;0;0;1;0;6;0;1.3813;26;85;1
951;12;0;0;1;1;39;0;1.6094;57;85;1
952;16;0;0;0;1;15;0;2.539;37;85;1
953;15;0;0;0;1;31;0;2.8478;52;85;1
954;12;0;0;1;0;25;0;2.2513;43;85;1
955;11;0;0;0;1;13;1;2.6391;30;85;1
956;12;0;1;0;1;8;1;2.1401;26;85;1
957;12;0;0;1;1;2;0;1.4469;20;85;1
958;16;0;0;0;1;14;0;1.7579;36;85;1
959;13;0;0;0;1;14;0;2.4204;33;85;1
960;18;0;0;1;1;18;1;2.4849;42;85;1
961;12;0;0;1;1;28;0;2.4204;46;85;1
962;16;0;0;0;1;10;1;2.0149;32;85;1
963;14;1;1;0;0;17;0;2.1041;37;85;1
964;12;1;0;1;1;14;0;1.579;32;85;1
965;12;1;0;1;1;2;0;1.5581;20;85;1
966;16;1;0;0;1;29;0;1.7047;51;85;1
967;11;1;0;0;1;29;0;2.2513;46;85;1
968;12;1;0;1;1;14;0;2.2618;32;85;1
969;13;0;0;1;1;33;0;1.5151;52;85;1
970;16;0;0;0;1;4;0;2.7558;26;85;1
971;15;0;0;0;1;13;0;2.2885;34;85;1
972;14;0;0;1;0;24;0;2.3026;44;85;1
973;13;0;0;0;0;5;0;1.7579;24;85;1
974;14;1;0;0;0;1;0;2.0186;21;85;1
975;11;1;0;0;1;37;1;2.2773;54;85;1
976;11;1;0;0;1;18;1;2.5649;35;85;1
977;15;1;0;1;1;10;0;2.3302;31;85;1
978;12;1;0;0;1;16;1;2.599;34;85;1
979;12;0;0;0;1;12;1;2.5313;30;85;1
980;14;0;0;1;0;4;0;2.1552;24;85;1
981;12;0;0;0;1;16;1;2.5848;34;85;1
982;14;0;1;0;1;34;1;1.9242;54;85;1
983;13;0;0;0;1;10;1;2.5233;29;85;1
984;14;0;0;0;1;17;0;1.9661;37;85;1
985;13;0;0;1;1;16;0;2.5257;35;85;1
986;10;0;0;0;1;20;0;2.3026;36;85;1
987;10;0;0;0;1;12;0;2.3026;28;85;1
988;12;0;0;0;1;30;0;2.1691;48;85;1
989;16;0;0;1;1;26;0;2.238;48;85;1
990;13;0;0;0;1;13;0;2.4079;32;85;1
991;8;0;0;1;1;21;0;1.6292;35;85;1
992;11;0;1;0;0;3;0;2.0149;20;85;1
993;8;0;1;1;1;29;0;1.2238;43;85;1
994;12;0;0;1;1;3;0;1.5041;21;85;1
995;18;0;1;0;1;27;0;1.8326;51;85;1
996;12;0;0;0;1;33;0;3.0229;51;85;1
997;13;0;0;0;0;17;0;2.1282;36;85;1
998;12;0;0;1;1;15;0;2.0794;33;85;1
999;9;0;0;0;1;38;0;2.1401;53;85;1
1000;12;0;0;0;0;9;0;1.3218;27;85;1
1001;12;0;0;0;1;10;0;2.1972;28;85;1
1002;16;0;0;1;0;6;0;2.4891;28;85;1
1003;12;0;0;1;1;7;0;1.5041;25;85;1
1004;9;0;1;0;0;16;0;1.5686;31;85;1
1005;10;0;0;0;1;30;0;1.8718;46;85;1
1006;12;0;0;0;1;19;0;2.0398;37;85;1
1007;12;0;0;1;0;15;0;2.2336;33;85;1
1008;12;0;1;0;1;12;0;1.6094;30;85;1
1009;12;0;1;1;1;33;0;1.8083;51;85;1
1010;12;0;1;0;0;36;0;2.3674;54;85;1
1011;12;0;1;1;0;25;0;1.2528;43;85;1
1012;12;0;1;0;1;35;1;2.3026;53;85;1
1013;13;0;1;0;0;8;1;2.1972;27;85;1
1014;12;1;1;1;1;23;0;2.0149;41;85;1
1015;18;1;0;0;0;7;0;1.743;31;85;1
1016;17;1;0;0;0;3;0;2.1401;26;85;1
1017;12;1;1;0;1;8;0;1.3863;26;85;1
1018;9;1;1;1;1;34;1;1.7492;49;85;1
1019;12;0;0;0;0;2;0;1.6582;20;85;1
1020;12;0;0;0;1;34;0;1.2528;52;85;1
1021;11;0;0;0;0;2;0;1.5041;19;85;1
1022;12;0;0;1;0;11;0;1.7047;29;85;1
1023;13;0;0;1;1;4;0;1.8326;23;85;1
1024;16;0;0;1;1;22;1;2.1848;44;85;1
1025;12;0;0;1;1;45;0;1.6582;63;85;1
1026;14;0;0;1;1;26;0;2.3273;46;85;1
1027;14;0;0;1;1;12;0;1.8326;32;85;1
1028;12;0;0;1;1;3;0;1.4702;21;85;1
1029;13;0;0;0;0;36;0;2.8824;55;85;1
1030;12;0;0;1;1;9;1;2.0149;27;85;1
1031;16;0;0;1;1;7;0;1.8326;29;85;1
1032;14;0;0;0;1;14;0;1.5041;34;85;1
1033;12;0;0;1;0;6;0;1.8563;24;85;1
1034;15;0;0;0;1;1;1;1.5766;22;85;1
1035;11;0;0;0;1;4;0;1.4231;21;85;1
1036;12;0;0;1;1;5;0;1.6351;23;85;1
1037;8;0;0;1;1;38;0;1.6601;52;85;1
1038;16;0;0;1;1;6;0;2.0513;28;85;1
1039;13;0;0;0;0;9;1;2.5703;28;85;1
1040;13;0;0;1;1;15;0;2.0794;34;85;1
1041;15;0;0;1;1;11;0;2.0369;32;85;1
1042;12;0;0;0;0;17;0;2.0149;35;85;1
1043;12;0;0;0;0;1;0;1.0473;19;85;1
1044;12;0;0;0;1;9;0;1.8506;27;85;1
1045;9;0;0;0;0;48;0;1.2528;63;85;1
1046;12;0;0;0;1;17;1;2.4292;35;85;1
1047;12;0;0;1;1;33;0;1.7047;51;85;1
1048;12;0;0;0;1;7;0;2.2138;25;85;1
1049;14;0;0;1;1;12;0;2.0744;32;85;1
1050;16;0;0;1;1;6;0;1.7317;28;85;1
1051;4;0;0;0;1;54;0;1.7918;64;85;1
1052;16;1;1;0;0;16;0;2.599;38;85;1
1053;11;1;0;1;1;8;0;1.2947;25;85;1
1054;9;1;0;0;0;30;1;1.8326;45;85;1
1055;13;1;0;0;0;1;1;1.639;20;85;1
1056;17;1;0;0;1;32;0;3.2692;55;85;1
1057;13;1;0;0;0;0;0;0.6981;19;85;1
1058;12;1;0;1;0;26;0;1.6094;44;85;1
1059;11;0;0;1;0;36;0;2.1691;53;85;1
1060;14;0;0;1;1;19;0;2.5257;39;85;1
1061;12;0;0;0;0;12;0;1.3863;30;85;1
1062;16;0;0;0;1;21;0;1.5041;43;85;1
1063;12;0;0;1;0;11;0;1.8718;29;85;1
1064;12;0;0;0;1;10;0;1.7047;28;85;1
1065;17;0;0;1;1;15;0;1.9279;38;85;1
1066;16;0;0;1;0;16;0;1.8165;38;85;1
1067;12;0;0;0;1;23;0;2.0513;41;85;1
1068;12;0;0;0;1;24;0;0;42;85;1
1069;17;0;0;1;1;13;1;2.5257;36;85;1
1070;14;0;1;1;1;19;1;2.1804;39;85;1
1071;11;0;0;1;1;20;0;1.4702;37;85;1
1072;18;0;0;0;0;5;0;2.4304;29;85;1
1073;8;0;0;0;1;47;1;2.1894;61;85;1
1074;11;0;0;1;1;33;0;1.2528;50;85;1
1075;14;0;0;0;1;21;1;3.2581;41;85;1
1076;12;0;0;1;1;19;0;2.0794;37;85;1
1077;14;0;0;0;1;20;1;2.7726;40;85;1
1078;12;0;0;1;1;13;0;1.6771;31;85;1
1079;17;0;1;1;1;25;1;3.1463;48;85;1
1080;12;0;1;1;1;18;0;2.1552;36;85;1
1081;14;0;0;1;0;13;0;2.9178;33;85;1
1082;18;0;0;0;1;8;0;3.1001;32;85;1
1083;12;0;1;0;0;14;1;2.7887;32;85;1
1084;12;0;0;0;0;9;0;2.9689;27;85;1
